type,name,notice,furigana
燃やさないごみ,アイロン,,あ
燃やさないごみ,アイロン台,,あ
使用済み小型家電,ICレコーダー,回収ボックスへ,あ
燃やさないごみ,ICレコーダー,（持ち込めない場合は燃やさないごみ）,あ
粗大ごみ,IHクッキングヒーター,,あ
粗大ごみ,アコーディオンカーテン,半間（90cm）につき,あ
燃やさないごみ,アタッシュケース,,あ
燃やせるごみ,足ふきマット,,あ
粗大ごみ,雨戸,1枚,あ
粗大ごみ,編み機,,あ
粗大ごみ,網戸,1枚,あ
燃やさないごみ,網戸の網,,あ
燃やせるごみ,アルバム,,あ
資源プラスチック,アルミコーティング袋（菓子・食品等）,中をきれいにして,あ
燃やさないごみ,アルミホイル（アルミ箔）,,あ
資源紙,アルミホイルの芯,雑がみ　つぶして雑誌と一緒に,あ
資源紙,アルミホイルの外箱,雑がみ　刃ははずして,あ
燃やさないごみ,アルミホイルの外箱の刃（金属）,危険のないようにし、表示して,あ
燃やさないごみ,安全かみそり,危険のないようにし、表示して,あ
粗大ごみ,アンテナ（テレビ・パラボラ）,,あ
粗大ごみ,アンプ,一辺60cm以上（未満は燃やさないごみ）,あ
粗大ごみ,衣装ケース,3連以下,い
粗大ごみ,衣装ケース,4連以上,い
粗大ごみ,衣装ケース（枠のみ）,,い
粗大ごみ,いす（木製・金属製共）,,い
粗大ごみ,一輪車（乗物用）,,い
粗大ごみ,一輪車（運搬用）,,い
使用済み小型家電,ETC車載ユニット,回収ボックスへ,い
燃やさないごみ,ETC車載ユニット,（持ち込めない場合は燃やさないごみ）,い
燃やさないごみ,一斗缶(指定袋未利用可),,い
粗大ごみ,犬小屋（小）,一辺60cm～100cm未満,い
粗大ごみ,犬小屋（大）,一辺100cm～150cm未満,い
その他,医薬品,処理できません　販売店、取扱店へ,い
資源布,衣類,着られるもの(洗濯して),い
その他,衣類乾燥機,処理できません　家電サイクル法対象機器,い
その他,インクカートリッジ（パソコン）,処理できません　販売店、取扱店へ,い
燃やせるごみ,インクリボン（ワープロ）,,い
燃やさないごみ,インスタント食品のアルミ容器,中をきれいにして,い
粗大ごみ,ウインドサーフィンボード,,う
粗大ごみ,ウインドファン粗大ごみ,,う
粗大ごみ,植木の支柱,直径2cm以下、5本1組,う
燃やさないごみ,植木鉢（素焼き、プラスチック製） ,危険のないようにし、表示して,う
燃やさないごみ,浮き輪,,う
粗大ごみ,ウッドカーペット,3畳未満,う
粗大ごみ,ウッドカーペット,3畳以上,う
粗大ごみ,上敷,,う
燃やさないごみ,上履き（学校用） ,,う
その他,エアコン（室外機共）,処理できません　家電リサイクル法対象機器,え
その他,エアコン（窓設置タイプ） ,処理できません　家電リサイクル法対象機器,え
粗大ごみ,エアロバイク,,え
その他,営業用大型機械,処理できません　販売店、取扱店へ,え
粗大ごみ,映写機粗大ごみ,一辺60cm以上（未満は燃やさないごみ）,え
その他,液晶テレビ、プラズマテレビ,処理できません　家電リサイクル法対象機器,え
燃やさないごみ,エキスパンダー,,え
燃やさないごみ,LED電球,,え
粗大ごみ,枝切はさみ,,え
燃やせるごみ,枝葉類(指定袋未利用可）,長さ60cm未満　直径5cm以下　ひもでしばって,え
燃やさないごみ,絵の具のチューブ,中を使い切って,え
資源紙,絵本,雑誌　ひもでしばって,え
燃やさないごみ,MD（ケースを含む）,,え
使用済み小型家電,ＭＤプレーヤー,回収ボックスへ,え
燃やさないごみ,ＭＤプレーヤー,（持ち込めない場合は燃やさないごみ）,え
粗大ごみ,エレキギター,,え
粗大ごみ,エレクトーン,,え
粗大ごみ,園芸用網板（家庭用）,3枚,え
資源プラスチック,園芸用袋（肥料、土など）,中をきれいにして,え
燃やさないごみ,園芸用ポット,,え
粗大ごみ,縁台,,え
燃やさないごみ,延長コード,一辺60cm以上（未満は燃やさないごみ）,え
燃やせるごみ,鉛筆,,え
燃やさないごみ,鉛筆削り,,え
その他,オイル（車・バイク）,処理できません　販売店、取扱店へ,お
燃やさないごみ,オイル缶（20リットル）(指定袋未利用可),中を使い切って,お
粗大ごみ,オイルヒーター,,お
粗大ごみ,オーディオラック,一辺60cm以上（未満は燃やさないごみ）,お
その他,オートバイ,処理できません　販売店、取扱店へ,お
粗大ごみ,オーブンレンジ,,お
粗大ごみ,押入れ台,一辺60cm以上（未満は燃やさないごみ）,お
粗大ごみ,押入れダンス,,お
燃やせるごみ,おしゃぶり,,お
燃やせるごみ,おもちゃ（木・布製）,,お
燃やさないごみ,おもちゃ（金属・プラスチック製）,,お
資源紙,折り込み広告,新聞と一緒に整理袋又はひもで縛って,お
粗大ごみ,オルガン,,お
粗大ごみ,温水洗浄便座（ウォシュレットタイプ）,,お
粗大ごみ,温風ヒーター,,お
資源布,カーディガン,着られる物（洗濯して）,か
燃やせるごみ,カーテン, 金具ははずして,か
粗大ごみ,カーテンレール, 10本まで,か
粗大ごみ,カーブミラー（住宅用）,棒とミラー,か
粗大ごみ,カーペット,,か
燃やせるごみ,カーボン紙,,か
燃やせるごみ,貝殻,,か
燃やさないごみ,かい中電灯,電池を抜いて,か
粗大ごみ,回転ハンガー,,か
燃やせるごみ,カイロ（使い捨て）,,か
資源プラスチック,カイロ（使い捨て）の外袋,,か
燃やさないごみ,鏡（手鏡）,危険のないようにし、表示して,か
その他,角材（家庭から出たもの) (自己搬入のみ),太さ10cm以内、長さ2m以内直接搬入,か
燃やさないごみ,角ハンガー,,か
燃やさないごみ,家具類（金属製）(指定袋未利用可）,一辺60cm未満,か
燃やせるごみ,家具類（木製）(指定袋未利用可）,一辺60cm未満,か
粗大ごみ,額,一辺60cm以上（未満は燃やさないごみ）,か
燃やさないごみ,傘(指定袋未利用可）,,か
燃やさないごみ,傘たて(指定袋未利用可）,一辺60cm未満,か
粗大ごみ,傘たて（陶器、金物製共） ,一辺60cm?90cm未満,か
粗大ごみ,傘たて（陶器、金物製共） ,一辺90cm以上,か
粗大ごみ,傘たて（木製） ,一辺60cm?90cm未満,か
粗大ごみ,傘たて（木製） ,一辺90cm以上,か
粗大ごみ,加湿器,一辺60cm以上（未満は燃やさないごみ）,か
資源紙,菓子箱・菓子箱の中仕切り・食品の箱（紙製） ,雑がみ,か
資源プラスチック,菓子箱の中仕切り（プラスチック製） ,,か
資源プラスチック,菓子袋（プラスチック製） ,,か
粗大ごみ,ガス瞬間湯沸器,一辺60cm以上（未満は燃やさないごみ）,か
粗大ごみ,ガステーブル・ガス台,,か
粗大ごみ,ガスファンヒーター,,か
その他,ガスボンベ,処理できません　販売店、取扱店へ,か
燃やさないごみ,ガスマット（アルミ製） ,,か
粗大ごみ,ガスレンジ（オーブン） ,,か
資源カン,カセット式ガスボンベ,中を使いきって　穴をあけてガスを出す,か
資源プラスチック,カセット式ガスボンベのキャップ,,か
燃やさないごみ,カセットコンロ,,か
燃やせるごみ,カセットテープ（本体） ,,か
燃やさないごみ,カセットテープのケース,,か
粗大ごみ,カセットデッキ,一辺60cm以上（未満は燃やさないごみ）,か
資源紙,カタログ,雑誌　ひもでしばって,か
燃やせるごみ,かっぱ（雨合羽） ,,か
燃やせるごみ,カップめんのふた（紙製） ,,か
資源プラスチック,カップめんの容器・かやく等の袋・外包装フィルム,中をきれいにして,か
燃やせるごみ,かばん（布・革・ナイロン製） ,金物等は取り除く,か
燃やさないごみ,かばん（ハードケース） ,,か
燃やさないごみ,花瓶,,か
燃やせるごみ,紙おむつ,汚物はトイレに流して,か
燃やせるごみ,紙くず,資源紙は除く,か
燃やせるごみ,紙コップ・紙皿,,か
燃やさないごみ,カミソリ,危険のないようにし、表示して,か
資源紙,紙パック,紙パック　ひもでしばって,か
燃やせるごみ,紙パック（内側が銀色のもの） ,,か
資源プラスチック,紙パックの注ぎ口（プラスチック製） ,,か
資源紙,紙袋,雑がみ,か
燃やせるごみ,紙粘土,,か
燃やさないごみ,カメラ,電池などは取り外す,か
燃やせるごみ,カメラのケース（ソフトケース） ,,か
資源紙,画用紙,雑がみ,か
粗大ごみ,カラーボックス,,か
粗大ごみ,カラオケセット,,か
燃やさないごみ,ガラス類,危険のないようにし、表示して,か
資源紙,カレーの外箱,雑がみ,か
資源プラスチック,カレーのルーの容器,,か
資源紙,カレンダー,雑がみ,か
燃やせるごみ,皮製品,金物等は取り除く,か
その他,瓦,処理できません　取扱店へ,か
資源カン,缶（アルミ缶･スチール缶、飲料･食品用） ,中をきれいにして,か
粗大ごみ,簡易車庫（パイプ） ,,か
粗大ごみ,簡易トイレ（大人用） ,プラスチック製,か
燃やさないごみ,換気扇,一辺60cm未満（以上は処理困難物）,か
燃やせるごみ,乾燥剤（食品用・タンス用等） ,,か
その他,乾電池,指定袋及び資源袋の外袋へ入れて,か
燃やせるごみ,感熱紙,,か
粗大ごみ,キーボード（音楽用） ,一辺60cm以上（未満は燃やさないごみ）,き
燃やせるごみ,木くず,,き
粗大ごみ,机上本棚,,き
粗大ごみ,机上本棚（ガラスあり） ,,き
粗大ごみ,ギター,,き
粗大ごみ,ギター用アンプ,一辺60cm以上（未満は燃やさないごみ）,き
粗大ごみ,キックスケーター,,き
粗大ごみ,キッチンカウンター（小） ,一辺60cm ～ 100cm未満,き
粗大ごみ,キッチンカウンター（中） ,一辺100cm ～ 150cm未満,き
粗大ごみ,キッチンカウンター（大） ,一辺150cm以上,き
燃やせるごみ,キッチンマット,,き
粗大ごみ,キッチンワゴン,一辺60cm以上（未満は燃やさないごみ）,き
資源布,着物,着られるもの,き
粗大ごみ,キャスターハンガー,,き
粗大ごみ,脚立,,き
燃やさないごみ,キャップ（金属製） ,,き
資源プラスチック,キャップ（プラスチック製） ,,き
粗大ごみ,キャリア,車用,き
粗大ごみ,キャリーバッグ,,き
粗大ごみ,キャリーボックス,車用,き
資源紙,牛乳パック,紙パック　ひもでしばって,き
その他,牛乳ビン,販売店へ,き
粗大ごみ,鏡台（いす含む） ,一辺60cm以上（未満は燃やさないごみ）,き
燃やさないごみ,金庫（手提げ） ,,き
粗大ごみ,金庫,耐火金庫（処理困難物）を除く,き
粗大ごみ,金属製棒,一辺60cm以上（未満は燃やさないごみ）,き
粗大ごみ,空気入れ（自転車用） ,,く
粗大ごみ,空気清浄機,一辺60cm以上（未満は燃やさないごみ）,く
その他,クーラー　,処理できません　家電リサイクル法対象品目,く
粗大ごみ,クーラーボックス,一辺60cm以上（未満は燃やさないごみ）,く
燃やさないごみ,くぎ,危険のないようにし、表示して,く
燃やせるごみ,草,土を落として,く
燃やせるごみ,串（竹・木製） ,危険のないように,く
燃やさないごみ,くし（髪用） ,,く
資源紙,薬の注意書き・紙箱・袋（紙製） ,雑がみ,く
資源ビン,薬（飲み薬・錠剤）のビン,中をきれいにして,く
資源プラスチック,薬の容器（プラスチック製） ,,く
資源プラスチック,薬（錠剤・カプセル等）の包装シート,,く
資源プラスチック,薬のビンの中の詰め物,,く
資源プラスチック,果物を包んだネット・緩衝材,,く
燃やさないごみ,口紅の容器（金属製） ,,く
資源プラスチック,口紅の容器（プラスチック製） ,中をきれいにして,く
燃やさないごみ,靴（革・布・ビニール製） ,,く
資源紙,靴の箱,雑がみ,く
燃やせるごみ,靴下,,く
燃やさないごみ,首輪（ペット用） ,,く
燃やさないごみ,クリアファイル,,く
燃やせるごみ,クリーニングの袋,,く
粗大ごみ,車椅子,,く
粗大ごみ,車椅子（電動式） ,,く
燃やせるごみ,クレヨン,,く
燃やさないごみ,グローランプ（点灯管） ,,く
粗大ごみ,くわ（つるはし） ,,く
燃やせるごみ,軍手,,く
使用済小型家電,ゲーム機（据置型、携帯型） ,回収ボックスへ,け
燃やさないごみ,ゲーム機（据置型、携帯型） ,（持込めない場合は燃やさないごみ）,け
燃やさないごみ,ゲームソフト,,け
その他,蛍光管,東・西清掃センター・公民館等の蛍光管入へ,け
使用済小型家電,携帯音楽プレーヤー（HDD、フラッシュメモリ） ,回収ボックスへ,け
燃やさないごみ,,（持込めない場合は燃やさないごみ）,け
使用済小型家電,携帯電話,回収ボックスへ（集積所には出せません）,け
燃やさないごみ,携帯電話の充電コード,,け
資源ビン,化粧品のビン（試供品含む乳白色以外） ,乳白色のものは燃やさないごみ,け
燃やさないごみ,化粧品のビン（試供品含む乳白色のもの） ,,け
資源プラスチック,化粧品のビンのふた（プラスチック製） ,,け
資源プラスチック,化粧品の容器（プラスチック製） ,中をきれいにして,け
粗大ごみ,下駄箱（小） ,一辺100cm未満,け
粗大ごみ,下駄箱（大） ,一辺100cm以上,け
資源プラスチック,ケチャップのチューブ容器・外袋,汚れのとれないものは燃やせるごみ,け
粗大ごみ,玄関マット（金属製） ,一辺60cm以上（未満は燃やさないごみ）,け
燃やせるごみ,玄関マット（布製） ,,け
粗大ごみ,健康増進器具（足載せ型）,一辺60cm以上（未満は燃やさないごみ）,け
粗大ごみ,健康増進器具（サイクリング型） ,,け
粗大ごみ,健康増進器具（ぶらさがり健康器） ,,け
粗大ごみ,健康増進器具（プレスベンチ、腹筋台） ,,け
粗大ごみ,健康増進器具（ボート漕ぎ型） ,,け
粗大ごみ,健康増進器具（ランニング型） ,,け
その他,原動機付自転車,処理できません　販売店、取扱店へ,け
資源布,コート,着られる物（洗濯して）,こ
粗大ごみ,コートハンガー,,こ
燃やさないごみ,ゴーグル（スキー、水泳用） ,,こ
燃やさないごみ,工具類,,こ
資源プラスチック,紅茶の外箱の包装フィルム,,こ
資源プラスチック,紅茶（ティーバッグ型）の外パック,,こ
資源紙,紅茶（ティーバッグ型）のパックの台紙・個包装紙,雑がみ,こ
燃やせるごみ,紅茶ティーバッグ,,こ
燃やさないごみ,小型電化製品,一辺60cm未満,こ
粗大ごみ,ござ,,こ
粗大ごみ,こたつ（小） ,一辺100cm未満,こ
粗大ごみ,こたつ（大） ,一辺100cm以上,こ
粗大ごみ,こたつ板,,こ
燃やさないごみ,コップ（紙以外） ,危険のないようにし、表示して,こ
粗大ごみ,琴,,こ
粗大ごみ,コピー機,家庭用一辺60cm以上（未満は燃やさないごみ）,こ
粗大ごみ,ごみ箱,一辺60cm以上（未満は燃やさないごみ）,こ
燃やさないごみ,ゴム手袋・ゴム長靴,,こ
粗大ごみ,米びつ,一辺60cm以上（未満は燃やさないごみ）,こ
資源プラスチック,米袋（プラスチック製） ,,こ
燃やせるごみ,米袋（紙製） ,,こ
燃やせるごみ,コルク栓,,こ
粗大ごみ,ゴルフクラブ,5本まで,こ
粗大ごみ,ゴルフバック,,こ
燃やさないごみ,ゴルフボール,,こ
資源プラスチック,コンビ二弁当などの容器,中をきれいにして,こ
粗大ごみ,コンポ（一式） ,,こ
粗大ごみ,コンポ（本体） ,一辺60cm以上（未満は燃やさないごみ）,こ
資源プラスチック,梱包材（発泡スチロールなど） ,,こ
粗大ごみ,サーフボード,,さ
粗大ごみ,座椅子,,さ
粗大ごみ,座椅子（回転式） ,,さ
粗大ごみ,サイドボード（小） ,一辺100cm未満,さ
粗大ごみ,サイドボード（中） ,一辺100cm ～ 150cm未満,さ
粗大ごみ,サイドボード（大） ,一辺150cm以上,さ
燃やせるごみ,作業服,,さ
燃やさないごみ,作業用シート（ブルーシート） ,,さ
燃やさないごみ,酒・ビールビンのケース（プラスチック製） ,酒・ビールビンのケース（プラスチック製） ,さ
粗大ごみ,座卓,,さ
資源紙,雑誌,雑誌　ひもでしばって,さ
資源カン,殺虫剤の缶,使いきって　穴をあけてガスを出す,さ
資源プラスチック,殺虫剤の包装（プラスチック製） ,,さ
燃やさないごみ,殺虫剤のビン,,さ
燃やせるごみ,座布団(指定袋未利用可),中がスポンジのものも含む,さ
燃やせるごみ,サポーター,,さ
資源布,サマーセーター,着られるもの（洗濯して）,さ
粗大ごみ,サマーベット（ビーチ用小） ,,さ
粗大ごみ,サマーベット（ビーチ用大） 粗大ごみ,,さ
燃やさないごみ,三脚（カメラ用） ,,さ
粗大ごみ,三脚（脚立） ,,さ
燃やさないごみ,サンダル,,さ
粗大ごみ,サンドバック,,さ
粗大ごみ,三輪車,,さ
粗大ごみ,三輪車（大人用） ,,さ
資源布,シーツ,きれいなもの（洗濯して）,し
燃やさないごみ,CD（ケース含む） ,,し
使用済小型家電,CDプレーヤー,回収ボックスへ,し
燃やさないごみ,CDプレーヤー,（持込めない場合は燃やさないごみ）,し
資源布,ジーパン,着られるもの（洗濯して）,し
粗大ごみ,自在ほうき,一辺60cm以上（未満は燃やさないごみ）,し
資源紙,辞書・事典,雑誌　ひもでしばって,し
資源布,下着類,着られるもの（洗濯して）,し
粗大ごみ,室内物干（折りたたみ式） ,一辺60cm以上（未満は燃やさないごみ）,し
燃やせるごみ,湿布,,し
資源プラスチック,湿布の表面に貼られたフィルム,,し
粗大ごみ,自転車（24インチ未満） ,,し
粗大ごみ,自転車（24インチ以上） ,,し
粗大ごみ,自転車（電動式） ,,し
粗大ごみ,シニアカー（電動式） ,,し
粗大ごみ,芝刈機（手動式） ,,し
粗大ごみ,芝刈機（電動式） ,,し
その他,芝刈機（エンジン式） ,処理できません　販売店、取扱店へ,し
粗大ごみ,芝刈りバサミ,一辺60cm以上（未満は燃やさないごみ）,し
燃やさないごみ,シャープペンシル,,し
資源布,ジャージ,着られるもの（洗濯して）,し
資源布,ジャケット,着られるもの（洗濯して）,し
燃やせるごみ,写真・写真のネガフィルム,,し
資源紙,写真集,雑誌　ひもでしばって,し
資源布,シャツ（Yシャツ、カラーシャツ） ,着られるもの（洗濯して）,し
粗大ごみ,三味線,,し
資源プラスチック,シャンプーのボトル・詰め替え用外袋,中をきれいにして,し
資源布,ジャンパー,着られるもの（洗濯して）,し
資源紙,ジュースの紙パック（500ｍl以上） ,紙パック　ひもでしばって（500ml未満は燃やせるごみ）,し
粗大ごみ,じゅうたん(電気カーペット含む） ,6畳未満,し
粗大ごみ,じゅうたん(電気カーペット含む） ,6畳以上,し
その他,充電式電池,処理できません　販売店、取扱店へ,し
粗大ごみ,シュレッダー（家庭用） ,一辺60cm以上（未満は燃やさないごみ）,し
資源プラスチック,食品パック・トレイ,果物・野菜等のパック、肉・魚等のトレイなど,し
資源プラスチック,食品容器（プラスチック製） ,,し
粗大ごみ,ショッピングカート,,し
燃やさないごみ,ジョイントマット,,し
その他,消火器,処理できません　販売店、取扱店へ,し
燃やせるごみ,焼却灰,1回に出せるのはおおよそ40Lまで,し
粗大ごみ,焼却炉（家庭用　金属類のみ） ,一辺60cm以上（未満は燃やさないごみ）,し
粗大ごみ,障子,1枚,し
粗大ごみ,照明器具,一辺60cm以上（未満は燃やさないごみ）,し
資源紙,上質紙,雑がみ,し
燃やせるごみ,食用油,固めるか布や紙にしみこませて,し
資源カン,食用油の缶,使い切って,し
資源ビン,食用油のビン,使い切って,し
資源プラスチック,食用油の容器（プラスチック製） ,使い切って,し
粗大ごみ,除湿機（フロンガス冷媒式は処理できないため不可） ,一辺60cm以上（未満は燃やさないごみ）,し
燃やさないごみ,除湿剤,水を抜いて,し
粗大ごみ,食器洗い乾燥機,一辺60cm以上（未満は燃やさないごみ）,し
粗大ごみ,食器乾燥機,一辺60cm以上（未満は燃やさないごみ）,し
粗大ごみ,食器戸棚（小） ,一辺100cm未満,し
粗大ごみ,食器戸棚（大） ,一辺100cm以上,し
燃やさないごみ,食器類（陶器、プラスチック製） ,,し
燃やせるごみ,食器類（木製） ,,し
粗大ごみ,将棋台,厚さ5cmを超えるもの（未満は燃やさないごみ）,し
粗大ごみ,人台（トルソー） ,,し
資源紙,新聞紙,新聞整理袋又はひもでしばって,し
粗大ごみ,水槽,一辺60cm以上（未満は燃やさないごみ） ,す
燃やさないごみ,水筒,,す
粗大ごみ,水道汲み上げポンプ（家庭用） ,,す
燃やさないごみ,炊飯器,,す
資源布,スウェット,着られるもの（洗濯して）,す
資源布,スーツ,着られるもの（洗濯して）,す
粗大ごみ,スーツケース,,す
粗大ごみ,姿見,,す
粗大ごみ,スキー板,,す
燃やさないごみ,スキー靴,,す
燃やさないごみ,スキャナー（ハンドタイプ） ,,す
粗大ごみ,スコップ,,す
燃やさないごみ,すだれ(指定袋未利用可）,一辺180cm未満　ひもでしばって,す
粗大ごみ,スタンド照明器,一辺60cm以上（未満は燃やさないごみ）,す
粗大ごみ,ステレオ,一式,す
粗大ごみ,ストーブ（電気・石油） ,灯油、電池は抜いて,す
粗大ごみ,ストーブガード,,す
燃やせるごみ,ストッキング,,す
資源プラスチック,ストッキングの外袋,,す
資源紙,ストッキングの台紙,雑がみ,す
燃やせるごみ,ストロー,,す
資源紙,ストローの袋（紙製） ,雑がみ,す
資源プラスチック,ストローの袋（プラスチック製） ,,す
粗大ごみ,スノーボード,,す
粗大ごみ,すのこ,一辺60cm以上（未満は燃やさないごみ（指定袋未利用可））,す
粗大ごみ,スピーカー,一辺60cm以上（未満は燃やさないごみ）,す
燃やさないごみ,スプーン,,す
資源カン,スプレー缶,使いきって　穴をあけてガスを出す,す
資源プラスチック,スプレー缶のふた,,す
粗大ごみ,すべり台,,す
資源布,ズボン,着られるもの（洗濯して）,す
粗大ごみ,ズボンプレッサー,,す
燃やせるごみ,スポンジ,,す
燃やさないごみ,スリッパ,,す
粗大ごみ,スリッパ立て（木製） ,一辺60cm以上（未満は燃やせるごみ）,す
粗大ごみ,スリッパ立て（金属製、プラスチック製） ,一辺60cm以上（未満は燃やさないごみ）,す
資源布,セーター,着られるもの（洗濯して）,せ
粗大ごみ,製図版（脚付き） ,,せ
燃やせるごみ,制服,,せ
粗大ごみ,精米機（家庭用） ,,せ
燃やせるごみ,生理用品,,せ
粗大ごみ,石油ファンヒーター,灯油、電池は抜いて,せ
燃やさないごみ,せともの,,せ
燃やせるごみ,せっけんの外箱（紙製） ,,せ
資源プラスチック,せっけんの個袋（プラスチック製） ,,せ
資源プラスチック,接着剤の容器、ふた（プラスチック製） ,,せ
燃やせるごみ,セロハン紙,,せ
燃やせるごみ,セロハンテープ,,せ
燃やせるごみ,線香の外箱（紙製） ,,せ
燃やせるごみ,洗剤の外箱,,せ
資源プラスチック,洗剤の箱の取っ手（プラスチック製） ,,せ
燃やさないごみ,洗剤の計量スプーン,,せ
資源プラスチック,洗剤の詰め替え用外袋,中をきれいにして,せ
資源プラスチック,洗剤の容器、ふた（プラスチック製） ,きれいにして,せ
粗大ごみ,扇風機,一辺60cm以上（未満は燃やさないごみ（指定袋未利用可）） ,せ
その他,洗濯機,処理できません　家電リサイクル法対象品目,せ
燃やさないごみ,洗濯ばさみ,,せ
粗大ごみ,洗面台,セトモノ部分のみ,せ
粗大ごみ,洗面台（小） ,一辺100cm未満,せ
粗大ごみ,洗面台（大） ,一辺100cm以上,せ
燃やせるごみ,ぞうきん,,そ
粗大ごみ,掃除機,,そ
資源プラスチック,ソースの容器,汚れのとれないものは燃やせるごみ,そ
粗大ごみ,足温器,一辺60cm以上（未満は燃やさないごみ）,そ
粗大ごみ,そば・うどんののし板,,そ
粗大ごみ,ソファー,１人用,そ
粗大ごみ,ソファー,２人用以上,そ
粗大ごみ,ソファーベッド,,そ
燃やさないごみ,体温計（アルコール） ,,た
その他,体温計（水銀） ,東・西清掃センター・公民館等の蛍光管入へ,た
燃やさないごみ,体温計（電子） ,ボタン電池は取りははずし販売店、取扱店へ,た
その他,耐火金庫,処理できません　販売店、取扱店へ,た
粗大ごみ,台車,,た
燃やさないごみ,体重計,,た
粗大ごみ,台ばかり,,た
粗大ごみ,タイプライター,,た
燃やさないごみ,タイルカーペット,,た
その他,タイヤ,処理できません　販売店、取扱店へ,た
燃やさないごみ,タイヤチェーン,,た
資源紙,ダイレクトメールの封筒,雑がみ　ビニールは除く,た
資源紙,ダイレクトメールのチラシ,新聞と一緒に整理袋又はひもでしばって,た
資源布,タオル,使えるもの（洗濯して）,た
資源布,タオルケット,使えるもの（洗濯して）,た
その他,竹・篠,処理できません　業者へ依頼してください,た
粗大ごみ,竹ほうき,,た
粗大ごみ,畳,１枚,た
粗大ごみ,卓球台,,た
燃やさないごみ,タッパー,,た
粗大ごみ,裁ち台,一辺60cm以上（未満は燃やさないごみ）,た
粗大ごみ,棚（木製・金属製共） ,一辺100cm未満,た
粗大ごみ,棚（木製・金属製共） ,一辺100cm以上,た
燃やせるごみ,タバコの箱の銀紙,,た
資源紙,タバコの紙箱（外箱） ,雑がみ,た
燃やせるごみ,タバコの吸い殻,,た
資源プラスチック,卵パック（プラスチック製） ,,た
燃やさないごみ,たわし,,た
その他,段差プレート,処理できません　販売店、取扱店へ,た
粗大ごみ,たんす（木製・金属製共） ,一辺100cm未満,た
粗大ごみ,たんす（木製・金属製共） ,一辺100cm以上,た
資源紙,ダンボール,たたんで、ひもでしばって,た
粗大ごみ,茶箱,,ち
資源カン,茶筒,中を洗って,ち
粗大ごみ,チャイルドシート,,ち
資源プラスチック,チューブ型容器（食品・食品以外） ,汚れのとれないものは燃やせるごみ,ち
その他,注射針,処理できません　医療機関へ,ち
資源紙,チラシ,新聞と一緒に整理袋又はひもでしばって,ち
資源カン,茶筒,中を洗って,ち
粗大ごみ,チャイルドシート,,ち
資源プラスチック,チューブ型容器（食品・食品以外） ,汚れのとれないものは燃やせるごみ,ち
その他,注射針,処理できません　医療機関へ,ち
資源紙,チラシ,新聞と一緒に整理袋又はひもでしばって,ち
粗大ごみ,ついたて,,つ
粗大ごみ,杖（ステッキ） ,一辺60cm以上（未満は燃やさないごみ）,つ
粗大ごみ,机（木製・金属製） ,片袖,つ
粗大ごみ,机（木製・金属製） ,両袖,つ
その他,漬物石自己搬入のみ ,直接搬入,つ
燃やせるごみ,漬物用ぬか,,つ
粗大ごみ,つっぱり棒,5本1組60cm以上（未満は燃やさないごみ）,つ
粗大ごみ,壷,一辺60cm以上（未満は燃やさないごみ）,つ
燃やせるごみ,積み木,,つ
資源布,Ｔシャツ,着られるもの（洗濯して）,て
燃やせるごみ,ティッシュペーパー,,て
資源紙,ティッシュペーパーの外箱,雑がみ　取り出し口のフィルムは資源プラスチックへ,て
資源プラスチック,ティッシュ箱の取り出し口のフィルム,,て
資源プラスチック,ティッシュ箱の外包装フィルム,,て
粗大ごみ,手押し車（シルバーカー） ,,て
燃やさないごみ,ＤＶＤ（ソフト） ,ケース含む,て
粗大ごみ,ＤＶＤプレーヤー,一辺60cm以上（未満は燃やさないごみ）,て
使用済小型家電,デジタルカメラ（電池は抜いて） ,回収ボックスへ,て
燃やさないごみ,デジタルカメラ（電池は抜いて） ,（持込めない場合は燃やさないごみ）,て
使用済小型家電,テープレコーダー（デッキを除く） ,回収ボックスへ,て
燃やさないごみ,テープレコーダー（デッキを除く） ,（持込めない場合は燃やさないごみ）,て
粗大ごみ,テーブル（小） ,一辺100cm未満,て
粗大ごみ,テーブル（大） ,一辺100cm以上,て
その他,鉄アレイ自己搬入のみ ,直接搬入,て
粗大ごみ,鉄棒（遊具） ,,て
燃やさないごみ,テニスボール,,て
燃やせるごみ,手袋,,て
その他,テレビ,処理できません　家電リサイクル法対象品目,て
粗大ごみ,テレビ台（木・金属共） ,一辺60cm以上（未満は燃やさないごみ（指定袋未利用可））,て
粗大ごみ,電気カーペット,6畳未満,て
粗大ごみ,電気カーペット,6畳以上,て
燃やさないごみ,電気カミソリ,,て
燃やさないごみ,電気コード,,て
燃やさないごみ,電気ポット,,て
粗大ごみ,電気毛布,,て
燃やさないごみ,電球（白熱灯） ,,て
使用済小型家電,電子辞書,回収ボックスへ,て
燃やさないごみ ,電子辞書,（持込めない場合は燃やさないごみ）,て
粗大ごみ,電子レンジ,,て
粗大ごみ,電子ピアノ,一辺60cm以上（未満は燃やさないごみ（指定袋未利用可））,て
粗大ごみ,電磁調理器,,て
燃やさないごみ,電卓,電池は抜いて,て
粗大ごみ,天体望遠鏡,,て
燃やせるごみ,点滴用バッグ（在宅用） ,,て
粗大ごみ,テント（家庭レジャー用） ,,て
粗大ごみ,電動カー（子供用） ,,て
燃やせるごみ,天ぷら油,固めるか布や紙にしみこませて,て
使用済小型家電,電話機（携帯電話を除く） ,回収ボックスへ,て
燃やさないごみ ,電話機（携帯電話を除く） ,（持込めない場合は燃やさないごみ）,て
粗大ごみ,電話台,一辺60cm以上（未満は燃やさないごみ（指定袋未利用可））,て
その他,電話帳,NTTで回収,て
粗大ごみ,戸（木製、金属製共） ,１枚,と
資源紙,トイレットペーパーの芯・外包み（紙） ,雑がみ,と
資源プラスチック,トイレットペーパーの包装フィルム,,と
燃やせるごみ,トイレマット,,と
燃やさないごみ,トースター,,と
その他,灯油,処理できません　販売店、取扱店へ,と
粗大ごみ,灯油タンク（給油用、屋外設置型） ,,と
燃やさないごみ,時計,電池は抜いて,と
粗大ごみ,トタン板,3枚まで,と
資源紙,取扱説明書,雑がみ,と
燃やさないごみ,ドライヤー,,と
粗大ごみ,ドラム（楽器） ,一式,と
粗大ごみ,ドラム缶,,と
粗大ごみ,トランポリン,,と
資源プラスチック,トリートメントのボトル・詰め替え用袋,中をきれいにして,と
資源布,トレーナー,着られるもの（洗濯して）,と
資源プラスチック,トレイ（色つき含む） ,きれいにして,と
燃やさないごみ,トレイ（タルク製）,,と
資源プラスチック,トレイについていたラップ（シール含む） ,汚れのとれないものは燃やせるごみ,と
資源プラスチック,ドレッシングのボトル（プラスチック製） ,汚れのとれないものは燃やせるごみ,と
粗大ごみ,泥よけマット,一辺60cm以上（未満は燃やさないごみ（指定袋未利用可））,と
粗大ごみ,流し台（システムキッチンは除く） ,100ｃｍ未満,な
粗大ごみ,流し台（システムキッチンは除く） ,100ｃｍ以上,な
その他,なた自己搬入のみ ,直接搬入,な
資源プラスチック,納豆のパック,汚れのとれないものは燃やせるごみ,な
燃やさないごみ,なべ、なべのふた（金属製） ,,な
燃やせるごみ,なべのふた（木製） ,,な
燃やせるごみ,生ごみ,水分をきって,な
粗大ごみ,生ごみ処理器,コンポスト,な
粗大ごみ,生ごみ処理機,電気式,な
粗大ごみ,波板,３枚まで,な
燃やせるごみ,なわとびの縄,,な
資源カン,入浴剤の缶,中をきれいにして,に
資源プラスチック,入浴剤の容器（プラスチック製） ,,に
粗大ごみ,人形ケース,一辺60cm以上（未満は燃やさないごみ）,に
粗大ごみ,ぬいぐるみ,一辺60cm以上（未満は燃やせるごみ）,ぬ
燃やさないごみ,縫い針,危険のないようにし、表示して,ぬ
燃やさないごみ,塗り薬のチューブ（金属製） ,使いきって,ぬ
資源プラスチック,塗り薬の容器（プラスチック製） ,使いきって,ぬ
燃やせるごみ,ネクタイ,,ね
燃やせるごみ,猫砂（鉱物性は除く） ,汚物は取り除いて,ね
その他,猫砂（鉱物性のもの）自己搬入のみ ,汚物は取り除いて（袋に入れて） 直接搬入,ね
資源プラスチック,ねりわさび、ねりからし等のチューブ容器,汚れのとれないものは燃やせるごみ,ね
粗大ごみ,粘着カーペットクリーナー,一辺60cm以上（未満は燃やさないごみ）,ね
燃やさないごみ,粘土,,ね
資源紙,ノート,雑がみ,の
その他,農機具・部品一式,処理できません　販売店、取扱店へ,の
その他,農業用ビニールシート,処理できません　販売店、取扱店へ,の
その他,農薬・劇薬,処理できません　販売店、取扱店へ,の
燃やさないごみ,のこぎり,危険のないようにし、表示して,の
粗大ごみ,のし板,,の
資源プラスチック,糊（のり）の容器,使いきって中をきれいにして,の
燃やせるごみ,葉（落ち葉など） ,,は
粗大ごみ,バーベキューセット,一辺60cm以上（未満は燃やさないごみ（指定袋未利用可））,は
その他,バーベル自己搬入のみ ,直接搬入,は
その他,バイク,処理できません　販売店、取扱店へ,は
その他,廃油,処理できません　販売店、取扱店へ,は
その他,廃油処理箱（食用油を除く） ,処理できません　販売店、取扱店へ,は
資源紙,はがき,雑がみ　写真、ｼｰﾙ付のものは燃やせるごみへ,は
粗大ごみ,白板（足付き） ,,は
燃やさないごみ,バケツ（金属、プラスチック製共） ,,は
燃やさないごみ,はし（プラスチック製）,,は
燃やせるごみ,はし（木製） ,,は
粗大ごみ,はしご（木製、金属製共） ,1.5m ～ 2.5m未満,は
粗大ごみ,はしご（木製、金属製共） ,2.5m以上,は
資源布,パジャマ,着られるもの（洗濯して）,は
粗大ごみ,バスケットゴール（支柱なし） ,,は
粗大ごみ,バスケットゴール（支柱あり） ,,は
燃やせるごみ,バスマット（布製）,,は
その他,パソコン（ノート型） ,処理できません　パソコンメーカーへ,は
その他,パソコン（本体・ディスプレイ） ,処理できません　パソコンメーカーへ,は
燃やさないごみ,パソコン用キーボード・マウス,本体と一緒の場合はパソコンメーカーへ,は
粗大ごみ,パソコンプリンター,,は
粗大ごみ,パソコンラック,,は
資源紙,バターの外箱,雑がみ（中包みは燃やせるごみ）,は
粗大ごみ,パチンコ台,,は
その他,バッテリー,処理できません　販売店、取扱店へ,は
粗大ごみ,バット,野球、ソフトボール用,は
資源プラスチック,発泡スチロール,細かくして指定袋へ,は
粗大ごみ,花台,一辺60cm以上（未満は燃やさないごみ）,は
燃やせるごみ,花火,湿らせて発火しないように,は
資源プラスチック,花火の外袋,,は
資源紙,花火の袋の中の台紙,雑がみ,は
粗大ごみ,パネルヒーター,一辺60cm以上（未満は燃やさないごみ）,は
燃やさないごみ,歯ブラシ,,は
資源紙,歯ブラシの台紙,雑がみ,は
資源プラスチック,歯ブラシの包装用パック,,は
資源プラスチック,歯磨きチューブ,汚れのとれないものは燃やせるごみ,は
燃やせるごみ,バラン（弁当用） ,,は
燃やさないごみ,バランスボール,空気を抜いて,は
燃やさないごみ,パラソルハンガー,,は
粗大ごみ,パラボラアンテナ,,は
燃やさないごみ,パレット（絵画用） ,,は
粗大ごみ,ハロゲンヒーター,一辺60ｃｍ以上（未満は燃やさないごみ）,は
燃やさないごみ,ハンガー（金属製、プラスチック製、木製） ,,は
資源布,ハンカチ,きれいなもの（洗濯して）,は
燃やせるごみ,ばんそうこう,,は
資源紙,パンフレット,雑がみ,は
その他,ピアノ,処理できません　販売店、取扱店へ,ひ
使用済小型家電,VICSユニット,回収ボックスへ,ひ
燃やさないごみ,VICSユニット,（持込めない場合は燃やさないごみ）,ひ
使用済小型家電,PHS（携帯電話） ,回収ボックスへ（集積所には出せません）,ひ
粗大ごみ,ビーチパラソル,,ひ
燃やさないごみ,ビーチボール,空気を抜いて,ひ
使用済小型家電,ビデオカメラ,回収ボックスへ,ひ
燃やさないごみ ,ビデオカメラ,（持込めない場合は燃やさないごみ）,ひ
燃やせるごみ,ビデオテープ（本体） ,,ひ
燃やさないごみ,ビデオテープのケース,ビデオテープのケース燃やさないごみ,ひ
粗大ごみ,ビデオデッキ,一辺60cm以上（未満は燃やさないごみ）,ひ
粗大ごみ,ひな段飾り（セット） ,,ひ
資源プラスチック,ビニール袋,,ひ
粗大ごみ,火鉢,灰は除く,ひ
資源プラスチック,肥料袋,中をきれいにして,ひ
資源ビン,ビン（飲食用） ,中をきれいにして,ひ
燃やさないごみ,ビン（薬用・化粧品・農薬用） ,,ひ
燃やさないごみ,ビンのふた（金属製） ,,ひ
資源プラスチック,ビンのふた（プラスチック製） ,,ひ
粗大ごみ,ビデオデッキ,一辺60cm以上（未満は燃やさないごみ）,ひ
粗大ごみ,ひな段飾り（セット） ,,ひ
資源プラスチック,ビニール袋,,ひ
粗大ごみ,火鉢,灰は除く,ひ
資源プラスチック,肥料袋,中をきれいにして,ひ
資源ビン,ビン（飲食用） ,中をきれいにして,ひ
燃やさないごみ,ビン（薬用・化粧品・農薬用） ,,ひ
燃やさないごみ,ビンのふた（金属製） ,,ひ
資源プラスチック,ビンのふた（プラスチック製） ,,ひ
粗大ごみ,ビデオデッキ,一辺60cm以上（未満は燃やさないごみ）,ひ
粗大ごみ,ひな段飾り（セット） ,,ひ
資源プラスチック,ビニール袋,,ひ
粗大ごみ,火鉢,灰は除く,ひ
資源プラスチック,肥料袋,中をきれいにして,ひ
資源ビン,ビン（飲食用） ,中をきれいにして,ひ
燃やさないごみ,ビン（薬用・化粧品・農薬用） ,,ひ
燃やさないごみ,ビンのふた（金属製） ,,ひ
資源プラスチック,ビンのふた（プラスチック製） ,,ひ
粗大ごみ,ファンヒーター,灯油を抜いて,ふ
粗大ごみ,ファックス（家庭用） ,一辺60cm以上（未満は燃やさないごみ）,ふ
粗大ごみ,ファックス付電話機,一辺60cm以上（未満は燃やさないごみ）,ふ
粗大ごみ,ファンシーケース,一辺60cm以上（未満は燃やさないごみ）,ふ
資源プラスチック,フィルムの筒型ケース,,ふ
資源紙,封筒,雑がみ　ビニールは除く,ふ
燃やさないごみ,プール（家庭用） ,,ふ
粗大ごみ,フェンス（アコーディオン式）,90cm以下,ふ
燃やさないごみ,フォーク（食卓用）,,ふ
粗大ごみ,藤棚（解体済み） ,200cm以下,ふ
粗大ごみ,ふすま,1枚,ふ
燃やさないごみ,ふた（金属製・アルミ製） ,,ふ
資源プラスチック,ふた（プラスチック製） ,,ふ
粗大ごみ,仏壇,一辺100cm未満,ふ
粗大ごみ,仏壇,一辺100cm以上,ふ
燃やせるごみ,筆,,ふ
粗大ごみ,布団（磁気入り含む） ,1枚,ふ
粗大ごみ,布団乾燥機,,ふ
粗大ごみ,布団干し（折りたたみ式） ,,ふ
粗大ごみ,踏み台,一辺60cm以上（未満は燃やさないごみ）,ふ
燃やさないごみ,フライパン,,ふ
粗大ごみ,ブラインド,一辺60cm以上（未満は燃やさないごみ）,ふ
資源布,ブラウス,着られるもの（洗濯して）,ふ
燃やさないごみ,ブラシ,,ふ
燃やせるごみ,プラスチックバンド,梱包用,ふ
粗大ごみ,フラワースタンド,,ふ
粗大ごみ,ぶらんこ,,ふ
粗大ごみ,プランター（植木鉢） ,一辺60cm以上（未満は燃やさないごみ（指定袋未利用可））,ふ
資源布,フリース,着られるもの（洗濯して）,ふ
粗大ごみ,プリンター（パソコン用） ,,ふ
燃やさないごみ,ブルーシート,,ふ
資源布,古着,着られるもの（洗濯して）,ふ
資源紙,古本,雑誌　ひもでしばって,ふ
資源布,ブレザー（制服は除く） ,着られるもの（洗濯して）,ふ
粗大ごみ,フローリング用置き畳,6畳未満,ふ
粗大ごみ,フローリング用置き畳,6畳以上,ふ
燃やさないごみ,フロッピーディスク（ケース含む） ,,ふ
粗大ごみ,風呂のふた,,ふ
燃やさないごみ,風呂のマット（プラスチック製） ,,ふ
燃やせるごみ,風呂のマット（布製）,,ふ
資源プラスチック,粉末飲料水の袋,,ふ
粗大ごみ,噴霧器（消毒用） ,一辺60cm以上（未満は燃やさないごみ）,ふ
資源カン,ヘアースプレー缶,使いきって　穴をあけてガスを出す,へ
資源プラスチック,ヘアースプレー缶のふた（プラスチック製） ,,へ
資源プラスチック,ヘアースプレー缶の外包装フィルム,,へ
燃やさないごみ,ヘアードライヤー（家庭用） ,,へ
資源布,ベスト,着られるもの（洗濯して）,へ
粗大ごみ,ベッド,電動式,へ
粗大ごみ,ベッド,ベビーベッド,へ
粗大ごみ,ベッド,パイプ製,へ
粗大ごみ,ベッド,シングル,へ
粗大ごみ,ベッド,２段ベッド,へ
粗大ごみ,ベッド,セミダブル、ダブル,へ
粗大ごみ,ベッド,ペット用,へ
粗大ごみ,ベッド（頭の部分のみ） ,,へ
粗大ごみ,ベッド（板のみ） ,2枚,へ
粗大ごみ,ベッド（枠のみ） ,,へ
粗大ごみ,ベッドパッド,１枚,へ
粗大ごみ,ベッド用マットレス,シングル,へ
粗大ごみ,ベッド用マットレス,セミダブル、ダブル,へ
資源カン,ペットフードの缶,中をきれいにして,へ
資源ペットボトル,ペットボトル（飲料・酒類・醤油等） ,中をきれいにして　ふたは資源プラスチック,へ
燃やさないごみ,ペットボトルのふた（金属製） ,,へ
資源プラスチック,ペットボトルのふた（プラスチック製） ,,へ
粗大ごみ,ベニヤ板,1枚,へ
粗大ごみ,ベビーカー,,へ
粗大ごみ,ベビーバス,,へ
燃やせるごみ,ベルト,金属部分は燃やさないごみ,へ
燃やさないごみ,ヘルメット,,へ
その他,便器,処理できません　販売店、取扱店へ,へ
燃やさないごみ,ペンキ缶,使いきって（ペンキは処理困難物）,へ
燃やさないごみ,便座（プラスチック製） ,,へ
粗大ごみ,ベンチ,,へ
燃やさないごみ,弁当箱（家庭用） ,,へ
資源プラスチック,弁当の容器（コンビニ弁当等） ,中をきれいにして,へ
燃やせるごみ,弁当用バラン,,へ
燃やさないごみ,ペン類,,へ
その他,ホイール・ホイールキャップ（自動車用） ,処理できません　販売店、取扱店へ,ほ
資源布,帽子（野球帽） ,着られるもの（洗濯して）,ほ
燃やせるごみ,帽子（上記以外のもの） ,,ほ
資源紙,包装紙,雑がみ,ほ
燃やさないごみ,包丁,危険のないようにし、表示して,ほ
その他,ボウリングのボール自己搬入のみ ,直接搬入,ほ
燃やさないごみ,ホース,,ほ
粗大ごみ,ホース巻き（ホース付） ,一辺60cm以上（未満は燃やさないごみ）,ほ
燃やさないごみ,ボール（各種球技用） ,,ほ
燃やさないごみ,ボールペン,,ほ
粗大ごみ,歩行器（子供用） ,,ほ
その他,ボタン電池,処理できません　販売店、取扱店へ,ほ
粗大ごみ,ホットプレート,一辺60cm以上（未満は燃やさないごみ）,ほ
燃やさないごみ,ポット,,ほ
燃やさないごみ,ポット（園芸用） ,,ほ
粗大ごみ,ホッピング,,ほ
粗大ごみ,ボディーボード,,ほ
燃やさないごみ,ほ乳ビン（ガラス・プラスチック製） ,,ほ
粗大ごみ,ポリバケツ,一辺60cm以上（未満は燃やさないごみ）,ほ
燃やさないごみ,ポリタンク（18L、20Lのもの）（指定袋未利用可） ,,ほ
燃やせるごみ,保冷剤,,ほ
資源紙,本,雑誌　ひもでしばって,ほ
粗大ごみ,本箱（棚）（小） ,一辺100cm未満,ほ
粗大ごみ,本箱（棚）（大） ,一辺100cm以上,ほ
資源プラスチック,マーガリンの容器,中をきれいにして,ま
粗大ごみ,マージャン台,,ま
粗大ごみ,マージャン台（電動式） ,,ま
粗大ごみ,マガジンラック,一辺60cm以上（未満は燃やさないごみ）,ま
燃やせるごみ,まくら,,ま
燃やさないごみ,まくら（低反発ポリウレタン系） ,,ま
その他,枕木,処理できません　販売店、取扱店へ,ま
粗大ごみ,マッサージ機,いす式　60kg未満,ま
粗大ごみ,マッサージ機,マット型,ま
燃やせるごみ,マッチ,湿らせて発火しないように,ま
粗大ごみ,マットレス,,ま
資源紙,窓つき封筒（紙製） ,雑がみ　ビニールは除く,ま
燃やせるごみ,まな板（木製） ,,ま
燃やさないごみ,まな板（プラスチック製） ,,ま
その他,丸太（家庭から出たもの）自己搬入のみ ,太さ10ｃｍ以内、長さ２ｍ以内直接搬入,ま
資源プラスチック,マヨネーズのチューブ容器,汚れのとれないものは燃やせるごみ,ま
資源プラスチック,マヨネーズのふた・外袋,,ま
資源紙,マンガ本,雑誌　ひもでしばって,ま
資源プラスチック,みかんのネット,,み
燃やさないごみ,ミキサー,,み
粗大ごみ,ミシン,ポータブル式,み
粗大ごみ,ミシン,足踏み式,み
燃やせるごみ,水着,,み
燃やさないごみ,水まくら,,み
資源プラスチック,みその容器・パック（袋状） ,汚れのとれないものは燃やせるごみ,み
粗大ごみ,ミニコンポ,一辺60cm以上（未満は燃やさないごみ）,み
燃やさないごみ,耳かき（金属製） ,,み
燃やせるごみ,耳かき（竹、木製） ,,み
燃やさないごみ,虫かご（プラスチック製） ,,む
燃やさないごみ,虫メガネ,,む
資源カン,虫よけスプレー,使いきって　穴をあけてガスを出す,む
燃やさないごみ,眼鏡（ケースを含む） ,,め
資源プラスチック,目薬の容器（プラスチック製）ケースも含む,使いきって,め
燃やさないごみ,メトロノーム,,め
資源紙,メモ用紙,雑がみ,め
燃やせるごみ,綿棒,,め
資源プラスチック,綿棒の容器（プラスチック製） ,,め
その他,モーター,処理できません　販売店、取扱店へ,も
資源布,毛布,きれいなもの（洗濯して）,も
資源プラスチック,木工用ボンドの容器,使いきって,も
粗大ごみ,餅つき機,一辺60cm以上（未満は燃やさないごみ）,も
粗大ごみ,物置,解体済２畳分,も
粗大ごみ,物置,解体済４畳分,も
粗大ごみ,物干し（台なし） ,,も
粗大ごみ,物干し（台付） ,,も
粗大ごみ,物干し竿,,も
その他,物干し台（コンクリート製）自己搬入のみ ,,も
燃やさないごみ,やかん,,や
燃やせるごみ,野菜を包んだ結束テープ,,や
資源プラスチック,野菜を包んだネット、緩衝材,,や
燃やさないごみ,ＵＳＢメモリー,,ゆ
粗大ごみ,床下収納庫（台所・プラスチック製） ,,ゆ
燃やさないごみ,湯たんぽ（金属製、プラスチック製） ,,ゆ
その他,浴槽,処理できません　販売店、取扱店へ,よ
粗大ごみ,よしず,一辺180cm以上（未満は燃やさないごみ（指定袋未利用可））,よ
その他,ライター,資源袋の外袋（黄）及び専用の指定袋へ入れて,ら
粗大ごみ,ライティングデスク（小） ,一辺100cm未満,ら
粗大ごみ,ライティングデスク（大） ,一辺100cm以上,ら
粗大ごみ,ラケット（テニス、バドミントン） ,一辺60cm以上（未満は燃やさないごみ）,ら
燃やさないごみ,ラジオ,電池を抜いて,ら
粗大ごみ,ラジカセ,一辺60cm以上（未満は燃やさないごみ）,ら
燃やさないごみ,ラッカー（スプレー缶タイプの塗料） ,使いきって　穴をあけてガスを出す,ら
粗大ごみ,ラック（木・金属とも） ,一辺60cm以上（未満は燃やさないごみ（指定袋未利用可））,ら
資源プラスチック,ラップ,汚れのとれないものは燃やせるごみ,ら
資源紙,ラップの紙箱・芯,雑がみ　刃ははずして,ら
燃やさないごみ,ラップの刃（金属製） ,危険のないようにし、表示して,ら
粗大ごみ,ラティス,,ら
燃やせるごみ,ランドセル,金具は取り除く,ら
その他,リチウム電池,処理できません　販売店、取扱店へ,り
粗大ごみ,リクライニングチェアー,,り
粗大ごみ,リヤカー,,り
資源プラスチック,リンスの容器・詰め替え用袋,中をきれいにして,り
その他,冷蔵庫・冷凍庫,処理できません　家電リサイクル法対象機器,れ
資源プラスチック,冷凍食品の袋,,れ
燃やさないごみ,冷凍食品のアルミ容器,,れ
粗大ごみ,冷風機（フロンガス冷媒式は処理できないため不可）,,れ
燃やせるごみ,レインコート,,れ
粗大ごみ,レーザープリンター,,れ
燃やせるごみ,レースカーテン,金具ははずして,れ
燃やさないごみ,レコード,,れ
粗大ごみ,レコードプレーヤー,一辺60cm以上（未満は燃やさないごみ）,れ
資源プラスチック,レジ袋,,れ
燃やさないごみ,レジャーシート,,れ
粗大ごみ,レジャーテーブル,,れ
資源プラスチック,レトルトパック,中をきれいにして,れ
粗大ごみ,レンジ（電子・ガス） ,,れ
粗大ごみ,レンジ台,一辺60cm以上（未満は燃やさないごみ）,れ
粗大ごみ,レンジフードファン,一辺60cm以上（未満は燃やさないごみ）,れ
燃やせるごみ,ローソク,,ろ
粗大ごみ,ローチェスト（小） ,一辺100cm未満,ろ
粗大ごみ,ローチェスト（中） ,一辺100cm ～ 150cm未満,ろ
粗大ごみ,ローチェスト（大） ,一辺150cm以上,ろ
粗大ごみ,ロッカー（小） ,一辺100cm未満,ろ
粗大ごみ,ロッカー（大） ,一辺100cm以上,ろ
粗大ごみ,ロッキングチェアー,,ろ
粗大ごみ,ワープロ,一辺60cm以上（未満は燃やさないごみ）,わ
資源布,Yシャツ,着られるもの（洗濯して）,わ
資源プラスチック,Yシャツの外袋,,わ
資源紙,Yシャツの中の台紙,雑がみ,わ
燃やせるごみ,輪ゴム,,わ
資源紙,輪ゴムの外箱,雑がみ,わ
資源紙,和紙・半紙,雑がみ,わ
燃やさないごみ,ワックスの缶,,わ
資源プラスチック,ワックスの容器（プラスチック製） ,,わ
資源布,和服（着物、帯、羽織、浴衣） ,着られるもの（洗濯して）,わ
資源紙,わら半紙（更紙） ,雑がみ,わ
燃やせるごみ,割り箸,,わ
資源紙,割り箸の外袋（紙製） ,雑がみ,わ
資源プラスチック,割り箸の外袋（プラスチック製） ,,わ
燃やさないごみ,割れたもの（ビン・ガラス・陶器等） ,危険のないようにし、表示して,わ
資源布,ワンピース,着られるもの（洗濯して）,わ
